{
  "addr2line": {
    "0.22.0": {
      "license": "Apache-2.0 OR MIT",
      "licensed_as": "Apache-2.0",
      "swipat_url": "https://nvbugswb.nvidia.com/NvBugs5/SWBug.aspx?bugid=4060142"
    }
  },
  "adler": {
    "1.0.2": {
      "license": "0BSD OR MIT OR Apache-2.0",
      "licensed_as": "Apache-2.0",
      "swipat_url": "https://nvbugswb.nvidia.com/NvBugs5/SWBug.aspx?bugid=4060142"
    }
  },
  "ahash": {
    "0.7.8": {
      "license": "MIT OR Apache-2.0",
      "licensed_as": "Apache-2.0",
      "swipat_url": "https://nvbugswb.nvidia.com/NvBugs5/SWBug.aspx?bugid=4060142"
    }
  },
  "aho-corasick": {
    "1.1.3": {
      "license": "Unlicense OR MIT",
      "licensed_as": "MIT",
      "swipat_url": "https://nvbugswb.nvidia.com/NvBugs5/swbug.aspx?bugid=4195752"
    }
  },
  "android-tzdata": {
    "0.1.1": {
      "license": "MIT OR Apache-2.0",
      "licensed_as": "Apache-2.0",
      "swipat_url": "https://nvbugswb.nvidia.com/NvBugs5/swbug.aspx?bugid=4141824"
    }
  },
  "android_system_properties": {
    "0.1.5": {
      "license": "MIT/Apache-2.0",
      "licensed_as": "Apache-2.0",
      "swipat_url": "https://nvbugswb.nvidia.com/NvBugs5/SWBug.aspx?bugid=4060142"
    }
  },
  "anes": {
    "0.1.6": {
      "license": "MIT OR Apache-2.0",
      "licensed_as": "Apache-2.0",
      "swipat_url": "https://nvbugswb.nvidia.com/NvBugs5/SWBug.aspx?bugid=4060142"
    }
  },
  "anstream": {
    "0.6.15": {
      "license": "MIT OR Apache-2.0",
      "licensed_as": "Apache-2.0",
      "swipat_url": "https://nvbugswb.nvidia.com/NvBugs5/SWBug.aspx?bugid=4060142"
    }
  },
  "anstyle": {
    "1.0.8": {
      "license": "MIT OR Apache-2.0",
      "licensed_as": "Apache-2.0",
      "swipat_url": "https://nvbugswb.nvidia.com/NvBugs5/SWBug.aspx?bugid=4060142"
    }
  },
  "anstyle-parse": {
    "0.2.5": {
      "license": "MIT OR Apache-2.0",
      "licensed_as": "Apache-2.0",
      "swipat_url": "https://nvbugswb.nvidia.com/NvBugs5/SWBug.aspx?bugid=4060142"
    }
  },
  "anstyle-query": {
    "1.1.1": {
      "license": "MIT OR Apache-2.0",
      "licensed_as": "Apache-2.0",
      "swipat_url": "https://nvbugswb.nvidia.com/NvBugs5/swbug.aspx?bugid=4141824"
    }
  },
  "anstyle-wincon": {
    "3.0.4": {
      "license": "MIT OR Apache-2.0",
      "licensed_as": "Apache-2.0",
      "swipat_url": "https://nvbugswb.nvidia.com/NvBugs5/SWBug.aspx?bugid=4060142"
    }
  },
  "anyhow": {
    "1.0.86": {
      "license": "MIT OR Apache-2.0",
      "licensed_as": "Apache-2.0",
      "swipat_url": "https://nvbugswb.nvidia.com/NvBugs5/SWBug.aspx?bugid=4060142"
    }
  },
  "assert_matches": {
    "1.5.0": {
      "license": "MIT/Apache-2.0",
      "licensed_as": "Apache-2.0",
      "swipat_url": "https://nvbugswb.nvidia.com/NvBugs5/SWBug.aspx?bugid=4060142"
    }
  },
  "async-compression": {
    "0.3.15": {
      "license": "MIT OR Apache-2.0",
      "licensed_as": "Apache-2.0",
      "swipat_url": "https://nvbugswb.nvidia.com/NvBugs5/SWBug.aspx?bugid=4060142"
    }
  },
  "async-trait": {
    "0.1.81": {
      "license": "MIT OR Apache-2.0",
      "licensed_as": "Apache-2.0",
      "swipat_url": "https://nvbugswb.nvidia.com/NvBugs5/SWBug.aspx?bugid=4060142"
    }
  },
  "async_zip": {
    "0.0.11": {
      "license": "MIT",
      "licensed_as": "MIT",
      "swipat_url": "https://nvbugswb.nvidia.com/NvBugs5/SWBug.aspx?bugid=4060142"
    }
  },
  "atomic-waker": {
    "1.1.2": {
      "license": "Apache-2.0 OR MIT",
      "licensed_as": "Apache-2.0",
      "swipat_url": "https://nvbugspro.nvidia.com/bug/4780860"
    }
  },
  "atty": {
    "0.2.14": {
      "license": "MIT",
      "licensed_as": "MIT",
      "swipat_url": "https://nvbugswb.nvidia.com/NvBugs5/SWBug.aspx?bugid=4060142"
    }
  },
  "autocfg": {
    "1.3.0": {
      "license": "Apache-2.0 OR MIT",
      "licensed_as": "Apache-2.0",
      "swipat_url": "https://nvbugswb.nvidia.com/NvBugs5/SWBug.aspx?bugid=4060142"
    }
  },
  "axum": {
    "0.7.5": {
      "license": "MIT",
      "licensed_as": "MIT",
      "swipat_url": "https://nvbugswb.nvidia.com/NvBugs5/SWBug.aspx?bugid=4060142"
    }
  },
  "axum-core": {
    "0.4.3": {
      "license": "MIT",
      "licensed_as": "MIT",
      "swipat_url": "https://nvbugswb.nvidia.com/NvBugs5/SWBug.aspx?bugid=4060142"
    }
  },
  "axum-macros": {
    "0.4.1": {
      "license": "MIT",
      "licensed_as": "MIT",
      "swipat_url": "https://nvbugswb.nvidia.com/NvBugs5/SWBug.aspx?bugid=4060142"
    }
  },
  "backtrace": {
    "0.3.73": {
      "license": "MIT OR Apache-2.0",
      "licensed_as": "Apache-2.0",
      "swipat_url": "https://nvbugswb.nvidia.com/NvBugs5/SWBug.aspx?bugid=4060142"
    }
  },
  "base64": {
    "0.13.1": {
      "license": "MIT/Apache-2.0",
      "licensed_as": "Apache-2.0",
      "swipat_url": "https://nvbugswb.nvidia.com/NvBugs5/SWBug.aspx?bugid=4060142"
    },
    "0.22.1": {
      "license": "MIT OR Apache-2.0",
      "licensed_as": "Apache-2.0",
      "swipat_url": "https://nvbugswb.nvidia.com/NvBugs5/SWBug.aspx?bugid=4060142"
    }
  },
  "bincode": {
    "1.3.3": {
      "license": "MIT",
      "licensed_as": "MIT",
      "swipat_url": "https://nvbugswb.nvidia.com/NvBugs5/SWBug.aspx?bugid=4060142"
    }
  },
  "bitflags": {
    "1.3.2": {
      "license": "MIT/Apache-2.0",
      "licensed_as": "Apache-2.0",
      "swipat_url": "https://nvbugswb.nvidia.com/NvBugs5/SWBug.aspx?bugid=4060142"
    },
    "2.6.0": {
      "license": "MIT OR Apache-2.0",
      "licensed_as": "Apache-2.0",
      "swipat_url": "https://nvbugswb.nvidia.com/NvBugs5/SWBug.aspx?bugid=4060142"
    }
  },
  "block-buffer": {
    "0.10.4": {
      "license": "MIT OR Apache-2.0",
      "licensed_as": "Apache-2.0",
      "swipat_url": "https://nvbugswb.nvidia.com/NvBugs5/SWBug.aspx?bugid=4060142"
    }
  },
  "bumpalo": {
    "3.16.0": {
      "license": "MIT OR Apache-2.0",
      "licensed_as": "Apache-2.0",
      "swipat_url": "https://nvbugswb.nvidia.com/NvBugs5/SWBug.aspx?bugid=4060142"
    }
  },
  "bytemuck": {
    "1.16.3": {
      "license": "Zlib OR Apache-2.0 OR MIT",
      "licensed_as": "Apache-2.0",
      "swipat_url": "https://nvbugswb.nvidia.com/NvBugs5/SWBug.aspx?bugid=4325328"
    }
  },
  "bytemuck_derive": {
    "1.7.0": {
      "license": "Zlib OR Apache-2.0 OR MIT",
      "licensed_as": "Apache-2.0",
      "swipat_url": "https://nvbugswb.nvidia.com/NvBugs5/SWBug.aspx?bugid=4325328"
    }
  },
  "byteorder": {
    "1.5.0": {
      "license": "Unlicense OR MIT",
      "licensed_as": "MIT",
      "swipat_url": "https://nvbugswb.nvidia.com/NvBugs5/SWBug.aspx?bugid=4060142"
    }
  },
  "bytes": {
    "1.7.0": {
      "license": "MIT",
      "licensed_as": "MIT",
      "swipat_url": "https://nvbugswb.nvidia.com/NvBugs5/SWBug.aspx?bugid=4060142"
    }
  },
  "bytesize": {
    "1.3.0": {
      "license": "Apache-2.0",
      "licensed_as": "Apache-2.0",
      "swipat_url": "https://nvbugswb.nvidia.com/NvBugs5/SWBug.aspx?bugid=4060142"
    }
  },
  "cast": {
    "0.3.0": {
      "license": "MIT OR Apache-2.0",
      "licensed_as": "Apache-2.0",
      "swipat_url": "https://nvbugswb.nvidia.com/NvBugs5/SWBug.aspx?bugid=4060142"
    }
  },
  "cbindgen": {
    "0.26.0": {
      "license": "MPL-2.0",
      "licensed_as": null,
      "swipat_url": "https://nvbugswb.nvidia.com/NvBugs5/SWBug.aspx?bugid=2885977"
    }
  },
  "cc": {
    "1.1.7": {
      "license": "MIT OR Apache-2.0",
      "licensed_as": "Apache-2.0",
      "swipat_url": "https://nvbugswb.nvidia.com/NvBugs5/SWBug.aspx?bugid=4060142"
    }
  },
  "cfg-if": {
    "1.0.0": {
      "license": "MIT/Apache-2.0",
      "licensed_as": "Apache-2.0",
      "swipat_url": "https://nvbugswb.nvidia.com/NvBugs5/SWBug.aspx?bugid=4060142"
    }
  },
  "cfg_aliases": {
    "0.2.1": {
      "license": "MIT",
      "licensed_as": "MIT",
      "swipat_url": "https://nvbugspro.nvidia.com/bug/4609305"
    }
  },
  "chrono": {
    "0.4.38": {
      "license": "MIT OR Apache-2.0",
      "licensed_as": "Apache-2.0",
      "swipat_url": "https://nvbugswb.nvidia.com/NvBugs5/SWBug.aspx?bugid=4060142"
    }
  },
  "ciborium": {
    "0.2.2": {
      "license": "Apache-2.0",
      "licensed_as": "Apache-2.0",
      "swipat_url": "https://nvbugswb.nvidia.com/NvBugs5/SWBug.aspx?bugid=4060142"
    }
  },
  "ciborium-io": {
    "0.2.2": {
      "license": "Apache-2.0",
      "licensed_as": "Apache-2.0",
      "swipat_url": "https://nvbugswb.nvidia.com/NvBugs5/SWBug.aspx?bugid=4060142"
    }
  },
  "ciborium-ll": {
    "0.2.2": {
      "license": "Apache-2.0",
      "licensed_as": "Apache-2.0",
      "swipat_url": "https://nvbugswb.nvidia.com/NvBugs5/SWBug.aspx?bugid=4060142"
    }
  },
  "clap": {
    "3.2.25": {
      "license": "MIT OR Apache-2.0",
      "licensed_as": "Apache-2.0",
      "swipat_url": "https://nvbugswb.nvidia.com/NvBugs5/SWBug.aspx?bugid=4060142"
    },
    "4.5.13": {
      "license": "MIT OR Apache-2.0",
      "licensed_as": "Apache-2.0",
      "swipat_url": "https://nvbugswb.nvidia.com/NvBugs5/SWBug.aspx?bugid=4060142"
    }
  },
  "clap-num": {
    "1.1.1": {
      "license": "MIT",
      "licensed_as": "MIT",
      "swipat_url": "https://nvbugswb.nvidia.com/NvBugs5/SWBug.aspx?bugid=4060142"
    }
  },
  "clap_builder": {
    "4.5.13": {
      "license": "MIT OR Apache-2.0",
      "licensed_as": "Apache-2.0",
      "swipat_url": "https://nvbugswb.nvidia.com/NvBugs5/SWBug.aspx?bugid=4060142"
    }
  },
  "clap_derive": {
    "4.5.13": {
      "license": "MIT OR Apache-2.0",
      "licensed_as": "Apache-2.0",
      "swipat_url": "https://nvbugswb.nvidia.com/NvBugs5/SWBug.aspx?bugid=4060142"
    }
  },
  "clap_lex": {
    "0.2.4": {
      "license": "MIT OR Apache-2.0",
      "licensed_as": "Apache-2.0",
      "swipat_url": "https://nvbugswb.nvidia.com/NvBugs5/SWBug.aspx?bugid=4060142"
    },
    "0.7.2": {
      "license": "MIT OR Apache-2.0",
      "licensed_as": "Apache-2.0",
      "swipat_url": "https://nvbugswb.nvidia.com/NvBugs5/SWBug.aspx?bugid=4060142"
    }
  },
  "colorchoice": {
    "1.0.2": {
      "license": "MIT OR Apache-2.0",
      "licensed_as": "Apache-2.0",
      "swipat_url": "https://nvbugswb.nvidia.com/NvBugs5/swbug.aspx?bugid=4141824"
    }
  },
  "config": {
    "0.13.4": {
      "license": "MIT/Apache-2.0",
      "licensed_as": "Apache-2.0",
      "swipat_url": "https://nvbugswb.nvidia.com/NvBugs5/SWBug.aspx?bugid=4060142"
    }
  },
  "core-foundation-sys": {
    "0.8.6": {
      "license": "MIT OR Apache-2.0",
      "licensed_as": "Apache-2.0",
      "swipat_url": "https://nvbugswb.nvidia.com/NvBugs5/SWBug.aspx?bugid=4060142"
    }
  },
  "cpufeatures": {
    "0.2.12": {
      "license": "MIT OR Apache-2.0",
      "licensed_as": "Apache-2.0",
      "swipat_url": "https://nvbugswb.nvidia.com/NvBugs5/SWBug.aspx?bugid=4060142"
    }
  },
  "crc32fast": {
    "1.4.2": {
      "license": "MIT OR Apache-2.0",
      "licensed_as": "Apache-2.0",
      "swipat_url": "https://nvbugswb.nvidia.com/NvBugs5/SWBug.aspx?bugid=4060142"
    }
  },
  "criterion": {
    "0.5.1": {
      "license": "Apache-2.0 OR MIT",
      "licensed_as": "Apache-2.0",
      "swipat_url": "https://nvbugswb.nvidia.com/NvBugs5/SWBug.aspx?bugid=4060142"
    }
  },
  "criterion-plot": {
    "0.5.0": {
      "license": "MIT/Apache-2.0",
      "licensed_as": "Apache-2.0",
      "swipat_url": "https://nvbugswb.nvidia.com/NvBugs5/SWBug.aspx?bugid=4060142"
    }
  },
  "crossbeam-channel": {
    "0.5.13": {
      "license": "MIT OR Apache-2.0",
      "licensed_as": "Apache-2.0",
      "swipat_url": "https://nvbugswb.nvidia.com/NvBugs5/SWBug.aspx?bugid=4060142"
    }
  },
  "crossbeam-deque": {
    "0.8.5": {
      "license": "MIT OR Apache-2.0",
      "licensed_as": "Apache-2.0",
      "swipat_url": "https://nvbugswb.nvidia.com/NvBugs5/SWBug.aspx?bugid=4060142"
    }
  },
  "crossbeam-epoch": {
    "0.9.18": {
      "license": "MIT OR Apache-2.0",
      "licensed_as": "Apache-2.0",
      "swipat_url": "https://nvbugswb.nvidia.com/NvBugs5/SWBug.aspx?bugid=4060142"
    }
  },
  "crossbeam-utils": {
    "0.8.20": {
      "license": "MIT OR Apache-2.0",
      "licensed_as": "Apache-2.0",
      "swipat_url": "https://nvbugswb.nvidia.com/NvBugs5/SWBug.aspx?bugid=4060142"
    }
  },
  "crunchy": {
    "0.2.2": {
      "license": "MIT",
      "licensed_as": "MIT",
      "swipat_url": "https://nvbugspro.nvidia.com/bug/4609305"
    }
  },
  "crypto-common": {
    "0.1.6": {
      "license": "MIT OR Apache-2.0",
      "licensed_as": "Apache-2.0",
      "swipat_url": "https://nvbugswb.nvidia.com/NvBugs5/SWBug.aspx?bugid=4060142"
    }
  },
  "curl": {
    "0.4.46": {
      "license": "MIT",
      "licensed_as": "MIT",
      "swipat_url": "https://nvbugswb.nvidia.com/NvBugs5/SWBug.aspx?bugid=4060142"
    }
  },
  "curl-sys": {
    "0.4.74+curl-8.9.0": {
      "license": "MIT",
      "licensed_as": "MIT",
      "swipat_url": "https://nvbugswb.nvidia.com/NvBugs5/SWBug.aspx?bugid=4060142"
    }
  },
  "dashmap": {
    "6.0.1": {
      "license": "MIT",
      "licensed_as": "MIT",
      "swipat_url": "https://nvbugswb.nvidia.com/NvBugs5/SWBug.aspx?bugid=4325328"
    }
  },
  "deranged": {
    "0.3.11": {
      "license": "MIT OR Apache-2.0",
      "licensed_as": "Apache-2.0",
      "swipat_url": "https://nvbugswb.nvidia.com/NvBugs5/swbug.aspx?bugid=4229996"
    }
  },
  "digest": {
    "0.10.7": {
      "license": "MIT OR Apache-2.0",
      "licensed_as": "Apache-2.0",
      "swipat_url": "https://nvbugswb.nvidia.com/NvBugs5/SWBug.aspx?bugid=4060142"
    }
  },
  "dlv-list": {
    "0.3.0": {
      "license": "MIT",
      "licensed_as": "MIT",
      "swipat_url": "https://nvbugswb.nvidia.com/NvBugs5/SWBug.aspx?bugid=4060142"
    }
  },
  "educe": {
    "0.5.11": {
      "license": "MIT",
      "licensed_as": "MIT",
      "swipat_url": "https://nvbugswb.nvidia.com/NvBugs5/SWBug.aspx?bugid=4117962&cmtNo="
    }
  },
  "either": {
    "1.13.0": {
      "license": "MIT OR Apache-2.0",
      "licensed_as": "Apache-2.0",
      "swipat_url": "https://nvbugswb.nvidia.com/NvBugs5/SWBug.aspx?bugid=4060142"
    }
  },
  "enum-ordinalize": {
    "4.3.0": {
      "license": "MIT",
      "licensed_as": "MIT",
      "swipat_url": "https://nvbugswb.nvidia.com/NvBugs5/SWBug.aspx?bugid=4117962&cmtNo="
    }
  },
  "enum-ordinalize-derive": {
    "4.3.1": {
      "license": "MIT",
      "licensed_as": "MIT",
      "swipat_url": "https://nvbugspro.nvidia.com/bug/4609305"
    }
  },
  "env_filter": {
    "0.1.2": {
      "license": "MIT OR Apache-2.0",
      "licensed_as": "Apache-2.0",
      "swipat_url": "https://nvbugspro.nvidia.com/bug/4609305"
    }
  },
  "env_logger": {
    "0.11.5": {
      "license": "MIT OR Apache-2.0",
      "licensed_as": "Apache-2.0",
      "swipat_url": "https://nvbugswb.nvidia.com/NvBugs5/SWBug.aspx?bugid=4325328"
    }
  },
  "equivalent": {
    "1.0.1": {
      "license": "Apache-2.0 OR MIT",
      "licensed_as": "Apache-2.0",
      "swipat_url": "https://nvbugswb.nvidia.com/NvBugs5/swbug.aspx?bugid=4229996"
    }
  },
  "errno": {
    "0.3.9": {
      "license": "MIT OR Apache-2.0",
      "licensed_as": "Apache-2.0",
      "swipat_url": "https://nvbugswb.nvidia.com/NvBugs5/SWBug.aspx?bugid=4060142"
    }
  },
  "etcetera": {
    "0.8.0": {
      "license": "MIT OR Apache-2.0",
      "licensed_as": "Apache-2.0",
      "swipat_url": "https://nvbugswb.nvidia.com/NvBugs5/SWBug.aspx?bugid=4118340"
    }
  },
  "fastrand": {
    "2.1.0": {
      "license": "Apache-2.0 OR MIT",
      "licensed_as": "Apache-2.0",
      "swipat_url": "https://nvbugswb.nvidia.com/NvBugs5/SWBug.aspx?bugid=4060142"
    }
  },
  "fd-lock": {
    "4.0.2": {
      "license": "MIT OR Apache-2.0",
      "licensed_as": "Apache-2.0",
      "swipat_url": "https://nvbugswb.nvidia.com/NvBugs5/SWBug.aspx?bugid=4170544"
    }
  },
  "file-rotate": {
    "0.7.6": {
      "license": "MIT",
      "licensed_as": "MIT",
      "swipat_url": "https://nvbugswb.nvidia.com/NvBugs5/swbug.aspx?bugid=4230941"
    }
  },
  "flate2": {
    "1.0.30": {
      "license": "MIT OR Apache-2.0",
      "licensed_as": "Apache-2.0",
      "swipat_url": "https://nvbugswb.nvidia.com/NvBugs5/SWBug.aspx?bugid=4060142"
    }
  },
  "flume": {
    "0.11.0": {
      "license": "Apache-2.0/MIT",
      "licensed_as": "Apache-2.0",
      "swipat_url": "https://nvbugswb.nvidia.com/NvBugs5/SWBug.aspx?bugid=4117962&cmtNo="
    }
  },
  "fnv": {
    "1.0.7": {
      "license": "Apache-2.0 / MIT",
      "licensed_as": "Apache-2.0",
      "swipat_url": "https://nvbugswb.nvidia.com/NvBugs5/SWBug.aspx?bugid=4117962&cmtNo="
    }
  },
  "form_urlencoded": {
    "1.2.1": {
      "license": "MIT OR Apache-2.0",
      "licensed_as": "Apache-2.0",
      "swipat_url": "https://nvbugswb.nvidia.com/NvBugs5/SWBug.aspx?bugid=4060142"
    }
  },
  "fs2": {
    "0.4.3": {
      "license": "MIT/Apache-2.0",
      "licensed_as": "Apache-2.0",
      "swipat_url": "https://nvbugswb.nvidia.com/NvBugs5/SWBug.aspx?bugid=4060142"
    }
  },
  "futures": {
    "0.3.30": {
      "license": "MIT OR Apache-2.0",
      "licensed_as": "Apache-2.0",
      "swipat_url": "https://nvbugswb.nvidia.com/NvBugs5/SWBug.aspx?bugid=4060142"
    }
  },
  "futures-channel": {
    "0.3.30": {
      "license": "MIT OR Apache-2.0",
      "licensed_as": "Apache-2.0",
      "swipat_url": "https://nvbugswb.nvidia.com/NvBugs5/SWBug.aspx?bugid=4060142"
    }
  },
  "futures-core": {
    "0.3.30": {
      "license": "MIT OR Apache-2.0",
      "licensed_as": "Apache-2.0",
      "swipat_url": "https://nvbugswb.nvidia.com/NvBugs5/SWBug.aspx?bugid=4060142"
    }
  },
  "futures-executor": {
    "0.3.30": {
      "license": "MIT OR Apache-2.0",
      "licensed_as": "Apache-2.0",
      "swipat_url": "https://nvbugswb.nvidia.com/NvBugs5/SWBug.aspx?bugid=4060142"
    }
  },
  "futures-io": {
    "0.3.30": {
      "license": "MIT OR Apache-2.0",
      "licensed_as": "Apache-2.0",
      "swipat_url": "https://nvbugswb.nvidia.com/NvBugs5/SWBug.aspx?bugid=4060142"
    }
  },
  "futures-macro": {
    "0.3.30": {
      "license": "MIT OR Apache-2.0",
      "licensed_as": "Apache-2.0",
      "swipat_url": "https://nvbugswb.nvidia.com/NvBugs5/SWBug.aspx?bugid=4060142"
    }
  },
  "futures-sink": {
    "0.3.30": {
      "license": "MIT OR Apache-2.0",
      "licensed_as": "Apache-2.0",
      "swipat_url": "https://nvbugswb.nvidia.com/NvBugs5/SWBug.aspx?bugid=4060142"
    }
  },
  "futures-task": {
    "0.3.30": {
      "license": "MIT OR Apache-2.0",
      "licensed_as": "Apache-2.0",
      "swipat_url": "https://nvbugswb.nvidia.com/NvBugs5/SWBug.aspx?bugid=4060142"
    }
  },
  "futures-timer": {
    "3.0.3": {
      "license": "MIT/Apache-2.0",
      "licensed_as": "Apache-2.0",
      "swipat_url": "https://nvbugswb.nvidia.com/NvBugs5/SWBug.aspx?bugid=4060142"
    }
  },
  "futures-util": {
    "0.3.30": {
      "license": "MIT OR Apache-2.0",
      "licensed_as": "Apache-2.0",
      "swipat_url": "https://nvbugswb.nvidia.com/NvBugs5/SWBug.aspx?bugid=4060142"
    }
  },
  "fxhash": {
    "0.2.1": {
      "license": "Apache-2.0/MIT",
      "licensed_as": "Apache-2.0",
      "swipat_url": "https://nvbugswb.nvidia.com/NvBugs5/SWBug.aspx?bugid=4060142"
    }
  },
  "generic-array": {
    "0.14.7": {
      "license": "MIT",
      "licensed_as": "MIT",
      "swipat_url": "https://nvbugswb.nvidia.com/NvBugs5/SWBug.aspx?bugid=4060142"
    }
  },
  "getrandom": {
    "0.2.15": {
      "license": "MIT OR Apache-2.0",
      "licensed_as": "Apache-2.0",
      "swipat_url": "https://nvbugswb.nvidia.com/NvBugs5/SWBug.aspx?bugid=4117962&cmtNo="
    }
  },
  "gimli": {
    "0.29.0": {
      "license": "MIT OR Apache-2.0",
      "licensed_as": "Apache-2.0",
      "swipat_url": "https://nvbugswb.nvidia.com/NvBugs5/SWBug.aspx?bugid=4060142"
    }
  },
  "glob": {
    "0.3.1": {
      "license": "MIT OR Apache-2.0",
      "licensed_as": "Apache-2.0",
      "swipat_url": "https://nvbugswb.nvidia.com/NvBugs5/swbug.aspx?bugid=4195752"
    }
  },
  "h2": {
    "0.4.5": {
      "license": "MIT",
      "licensed_as": "MIT",
      "swipat_url": "https://nvbugswb.nvidia.com/NvBugs5/SWBug.aspx?bugid=4060142"
    }
  },
  "half": {
    "2.4.1": {
      "license": "MIT OR Apache-2.0",
      "licensed_as": "Apache-2.0",
      "swipat_url": "https://nvbugswb.nvidia.com/NvBugs5/SWBug.aspx?bugid=4060142"
    }
  },
  "hashbrown": {
    "0.12.3": {
      "license": "MIT OR Apache-2.0",
      "licensed_as": "Apache-2.0",
      "swipat_url": "https://nvbugswb.nvidia.com/NvBugs5/SWBug.aspx?bugid=4060142"
    },
    "0.14.5": {
      "license": "MIT OR Apache-2.0",
      "licensed_as": "Apache-2.0",
      "swipat_url": "https://nvbugswb.nvidia.com/NvBugs5/SWBug.aspx?bugid=4060142"
    }
  },
  "heck": {
    "0.4.1": {
      "license": "MIT OR Apache-2.0",
      "licensed_as": "Apache-2.0",
      "swipat_url": "https://nvbugswb.nvidia.com/NvBugs5/SWBug.aspx?bugid=4060142"
    },
    "0.5.0": {
      "license": "MIT OR Apache-2.0",
      "licensed_as": "Apache-2.0",
      "swipat_url": "https://nvbugswb.nvidia.com/NvBugs5/SWBug.aspx?bugid=4060142"
    }
  },
  "hermit-abi": {
    "0.1.19": {
      "license": "MIT/Apache-2.0",
      "licensed_as": "Apache-2.0",
      "swipat_url": "https://nvbugswb.nvidia.com/NvBugs5/SWBug.aspx?bugid=4060142"
    },
    "0.3.9": {
      "license": "MIT OR Apache-2.0",
      "licensed_as": "Apache-2.0",
      "swipat_url": "https://nvbugswb.nvidia.com/NvBugs5/SWBug.aspx?bugid=4060142"
    }
  },
  "home": {
    "0.5.9": {
      "license": "MIT OR Apache-2.0",
      "licensed_as": "Apache-2.0",
      "swipat_url": "https://nvbugswb.nvidia.com/NvBugs5/SWBug.aspx?bugid=4118340"
    }
  },
  "http": {
    "1.1.0": {
      "license": "MIT OR Apache-2.0",
      "licensed_as": "Apache-2.0",
      "swipat_url": "https://nvbugswb.nvidia.com/NvBugs5/SWBug.aspx?bugid=4060142"
    }
  },
  "http-body": {
    "1.0.1": {
      "license": "MIT",
      "licensed_as": "MIT",
      "swipat_url": "https://nvbugswb.nvidia.com/NvBugs5/SWBug.aspx?bugid=4060142"
    }
  },
  "http-body-util": {
    "0.1.2": {
      "license": "MIT",
      "licensed_as": "MIT",
      "swipat_url": "https://nvbugspro.nvidia.com/bug/4409401"
    }
  },
  "http-range-header": {
    "0.4.1": {
      "license": "MIT",
      "licensed_as": "MIT",
      "swipat_url": "https://nvbugswb.nvidia.com/NvBugs5/SWBug.aspx?bugid=4060142"
    }
  },
  "httparse": {
    "1.9.4": {
      "license": "MIT OR Apache-2.0",
      "licensed_as": "Apache-2.0",
      "swipat_url": "https://nvbugswb.nvidia.com/NvBugs5/SWBug.aspx?bugid=4060142"
    }
  },
  "httpdate": {
    "1.0.3": {
      "license": "MIT OR Apache-2.0",
      "licensed_as": "Apache-2.0",
      "swipat_url": "https://nvbugswb.nvidia.com/NvBugs5/SWBug.aspx?bugid=4060142"
    }
  },
  "hyper": {
    "1.4.1": {
      "license": "MIT",
      "licensed_as": "MIT",
      "swipat_url": "https://nvbugswb.nvidia.com/NvBugs5/SWBug.aspx?bugid=4060142"
    }
  },
  "hyper-util": {
    "0.1.6": {
      "license": "MIT",
      "licensed_as": "MIT",
      "swipat_url": "https://nvbugspro.nvidia.com/bug/4409401"
    }
  },
  "iana-time-zone": {
    "0.1.60": {
      "license": "MIT OR Apache-2.0",
      "licensed_as": "Apache-2.0",
      "swipat_url": "https://nvbugswb.nvidia.com/NvBugs5/SWBug.aspx?bugid=4060142"
    }
  },
  "iana-time-zone-haiku": {
    "0.1.2": {
      "license": "MIT OR Apache-2.0",
      "licensed_as": "Apache-2.0",
      "swipat_url": "https://nvbugswb.nvidia.com/NvBugs5/SWBug.aspx?bugid=4060142"
    }
  },
  "idna": {
    "0.5.0": {
      "license": "MIT OR Apache-2.0",
      "licensed_as": "Apache-2.0",
      "swipat_url": "https://nvbugswb.nvidia.com/NvBugs5/SWBug.aspx?bugid=4060142"
    }
  },
  "indexmap": {
    "1.9.3": {
      "license": "Apache-2.0 OR MIT",
      "licensed_as": "Apache-2.0",
      "swipat_url": "https://nvbugswb.nvidia.com/NvBugs5/SWBug.aspx?bugid=4060142"
    },
    "2.3.0": {
      "license": "Apache-2.0 OR MIT",
      "licensed_as": "Apache-2.0",
      "swipat_url": "https://nvbugswb.nvidia.com/NvBugs5/SWBug.aspx?bugid=4060142"
    }
  },
  "instant": {
    "0.1.13": {
      "license": "BSD-3-Clause",
      "licensed_as": "BSD-3-Clause",
      "swipat_url": "https://nvbugswb.nvidia.com/NvBugs5/SWBug.aspx?bugid=4060142"
    }
  },
  "ipnet": {
    "2.9.0": {
      "license": "MIT OR Apache-2.0",
      "licensed_as": "Apache-2.0",
      "swipat_url": "https://nvbugswb.nvidia.com/NvBugs5/swbug.aspx?bugid=4186387"
    }
  },
  "is-terminal": {
    "0.4.12": {
      "license": "MIT",
      "licensed_as": "MIT",
      "swipat_url": "https://nvbugswb.nvidia.com/NvBugs5/SWBug.aspx?bugid=4060142"
    }
  },
  "is_terminal_polyfill": {
    "1.70.1": {
      "license": "MIT OR Apache-2.0",
      "licensed_as": "Apache-2.0",
      "swipat_url": "https://nvbugspro.nvidia.com/bug/4780860"
    }
  },
  "itertools": {
    "0.10.5": {
      "license": "MIT/Apache-2.0",
      "licensed_as": "Apache-2.0",
      "swipat_url": "https://nvbugswb.nvidia.com/NvBugs5/SWBug.aspx?bugid=4060142"
    }
  },
  "itoa": {
    "1.0.11": {
      "license": "MIT OR Apache-2.0",
      "licensed_as": "Apache-2.0",
      "swipat_url": "https://nvbugswb.nvidia.com/NvBugs5/SWBug.aspx?bugid=4060142"
    }
  },
  "jobserver": {
    "0.1.32": {
      "license": "MIT OR Apache-2.0",
      "licensed_as": "Apache-2.0",
      "swipat_url": "https://nvbugswb.nvidia.com/NvBugs5/SWBug.aspx?bugid=4325328"
    }
  },
  "js-sys": {
    "0.3.69": {
      "license": "MIT OR Apache-2.0",
      "licensed_as": "Apache-2.0",
      "swipat_url": "https://nvbugswb.nvidia.com/NvBugs5/SWBug.aspx?bugid=4060142"
    }
  },
  "json5": {
    "0.4.1": {
      "license": "ISC",
      "licensed_as": "ISC",
      "swipat_url": "https://nvbugswb.nvidia.com/NvBugs5/SWBug.aspx?bugid=4060142"
    }
  },
  "lazy_static": {
    "1.5.0": {
      "license": "MIT OR Apache-2.0",
      "licensed_as": "Apache-2.0",
      "swipat_url": "https://nvbugswb.nvidia.com/NvBugs5/SWBug.aspx?bugid=4060142"
    }
  },
  "libc": {
    "0.2.155": {
      "license": "MIT OR Apache-2.0",
      "licensed_as": "Apache-2.0",
      "swipat_url": "https://nvbugswb.nvidia.com/NvBugs5/SWBug.aspx?bugid=4060142"
    }
  },
  "libz-sys": {
    "1.1.18": {
      "license": "MIT OR Apache-2.0",
      "licensed_as": "Apache-2.0",
      "swipat_url": "https://nvbugswb.nvidia.com/NvBugs5/SWBug.aspx?bugid=4060142"
    }
  },
  "linked-hash-map": {
    "0.5.6": {
      "license": "MIT/Apache-2.0",
      "licensed_as": "Apache-2.0",
      "swipat_url": "https://nvbugswb.nvidia.com/NvBugs5/SWBug.aspx?bugid=4060142"
    }
  },
  "linux-raw-sys": {
    "0.4.14": {
      "license": "Apache-2.0 WITH LLVM-exception OR Apache-2.0 OR MIT",
      "licensed_as": "Apache-2.0",
      "swipat_url": "https://nvbugswb.nvidia.com/NvBugs5/SWBug.aspx?bugid=4060142"
    }
  },
  "lock_api": {
    "0.4.12": {
      "license": "MIT OR Apache-2.0",
      "licensed_as": "Apache-2.0",
      "swipat_url": "https://nvbugswb.nvidia.com/NvBugs5/SWBug.aspx?bugid=4060142"
    }
  },
  "log": {
    "0.4.22": {
      "license": "MIT OR Apache-2.0",
      "licensed_as": "Apache-2.0",
      "swipat_url": "https://nvbugswb.nvidia.com/NvBugs5/SWBug.aspx?bugid=4060142"
    }
  },
  "matchers": {
    "0.1.0": {
      "license": "MIT",
      "licensed_as": "MIT",
      "swipat_url": "https://nvbugswb.nvidia.com/NvBugs5/SWBug.aspx?bugid=4060142"
    }
  },
  "matchit": {
    "0.7.3": {
      "license": "MIT AND BSD-3-Clause",
      "licensed_as": "MIT AND BSD-3-Clause",
      "swipat_url": "https://nvbugswb.nvidia.com/NvBugs5/swbug.aspx?bugid=4229996"
    }
  },
  "memchr": {
    "2.7.4": {
      "license": "Unlicense OR MIT",
      "licensed_as": "MIT",
      "swipat_url": "https://nvbugswb.nvidia.com/NvBugs5/SWBug.aspx?bugid=4060142"
    }
  },
  "mime": {
    "0.3.17": {
      "license": "MIT OR Apache-2.0",
      "licensed_as": "Apache-2.0",
      "swipat_url": "https://nvbugswb.nvidia.com/NvBugs5/SWBug.aspx?bugid=4060142"
    }
  },
  "mime_guess": {
    "2.0.5": {
      "license": "MIT",
      "licensed_as": "MIT",
      "swipat_url": "https://nvbugswb.nvidia.com/NvBugs5/SWBug.aspx?bugid=4060142"
    }
  },
  "minimal-lexical": {
    "0.2.1": {
      "license": "MIT/Apache-2.0",
      "licensed_as": "Apache-2.0",
      "swipat_url": "https://nvbugswb.nvidia.com/NvBugs5/SWBug.aspx?bugid=4060142"
    }
  },
  "miniz_oxide": {
    "0.7.4": {
      "license": "MIT OR Zlib OR Apache-2.0",
      "licensed_as": "Apache-2.0",
      "swipat_url": "https://nvbugswb.nvidia.com/NvBugs5/SWBug.aspx?bugid=4060142"
    }
  },
  "mio": {
    "1.0.1": {
      "license": "MIT",
      "licensed_as": "MIT",
      "swipat_url": "https://nvbugswb.nvidia.com/NvBugs5/SWBug.aspx?bugid=4060142"
    }
  },
  "nanorand": {
    "0.7.0": {
      "license": "Zlib",
      "licensed_as": null,
      "swipat_url": "https://nvbugswb.nvidia.com/NvBugs5/SWBug.aspx?bugid=4117989&cmtNo="
    }
  },
  "nix": {
    "0.29.0": {
      "license": "MIT",
      "licensed_as": "MIT",
      "swipat_url": "https://nvbugswb.nvidia.com/NvBugs5/SWBug.aspx?bugid=4060142"
    }
  },
  "nom": {
    "7.1.3": {
      "license": "MIT",
      "licensed_as": "MIT",
      "swipat_url": "https://nvbugswb.nvidia.com/NvBugs5/SWBug.aspx?bugid=4060142"
    }
  },
  "nu-ansi-term": {
    "0.46.0": {
      "license": "MIT",
      "licensed_as": "MIT",
      "swipat_url": "https://nvbugswb.nvidia.com/NvBugs5/SWBug.aspx?bugid=4351124"
    }
  },
  "num-conv": {
    "0.1.0": {
      "license": "MIT OR Apache-2.0",
      "licensed_as": "Apache-2.0",
      "swipat_url": "https://nvbugspro.nvidia.com/bug/4609305"
    }
  },
  "num-traits": {
    "0.2.19": {
      "license": "MIT OR Apache-2.0",
      "licensed_as": "Apache-2.0",
      "swipat_url": "https://nvbugswb.nvidia.com/NvBugs5/SWBug.aspx?bugid=4060142"
    }
  },
  "object": {
    "0.36.2": {
      "license": "Apache-2.0 OR MIT",
      "licensed_as": "Apache-2.0",
      "swipat_url": "https://nvbugswb.nvidia.com/NvBugs5/SWBug.aspx?bugid=4060142"
    }
  },
  "once_cell": {
    "1.19.0": {
      "license": "MIT OR Apache-2.0",
      "licensed_as": "Apache-2.0",
      "swipat_url": "https://nvbugswb.nvidia.com/NvBugs5/SWBug.aspx?bugid=4060142"
    }
  },
  "oorandom": {
    "11.1.4": {
      "license": "MIT",
      "licensed_as": "MIT",
      "swipat_url": "https://nvbugswb.nvidia.com/NvBugs5/SWBug.aspx?bugid=4060142"
    }
  },
  "openssl-probe": {
    "0.1.5": {
      "license": "MIT/Apache-2.0",
      "licensed_as": "Apache-2.0",
      "swipat_url": "https://nvbugswb.nvidia.com/NvBugs5/SWBug.aspx?bugid=4060142"
    }
  },
  "openssl-sys": {
    "0.9.103": {
      "license": "MIT",
      "licensed_as": "MIT",
      "swipat_url": "https://nvbugswb.nvidia.com/NvBugs5/SWBug.aspx?bugid=4060142"
    }
  },
  "ordered-multimap": {
    "0.4.3": {
      "license": "MIT",
      "licensed_as": "MIT",
      "swipat_url": "https://nvbugswb.nvidia.com/NvBugs5/SWBug.aspx?bugid=4060142"
    }
  },
  "os_str_bytes": {
    "6.6.1": {
      "license": "MIT OR Apache-2.0",
      "licensed_as": "Apache-2.0",
      "swipat_url": "https://nvbugswb.nvidia.com/NvBugs5/SWBug.aspx?bugid=4060142"
    }
  },
  "overload": {
    "0.1.1": {
      "license": "MIT",
      "licensed_as": "MIT",
      "swipat_url": "https://nvbugswb.nvidia.com/NvBugs5/SWBug.aspx?bugid=4351124"
    }
  },
  "parking_lot": {
    "0.11.2": {
      "license": "Apache-2.0/MIT",
      "licensed_as": "Apache-2.0",
      "swipat_url": "https://nvbugswb.nvidia.com/NvBugs5/SWBug.aspx?bugid=4060142"
    },
    "0.12.3": {
      "license": "MIT OR Apache-2.0",
      "licensed_as": "Apache-2.0",
      "swipat_url": "https://nvbugswb.nvidia.com/NvBugs5/SWBug.aspx?bugid=4060142"
    }
  },
  "parking_lot_core": {
    "0.8.6": {
      "license": "Apache-2.0/MIT",
      "licensed_as": "Apache-2.0",
      "swipat_url": "https://nvbugswb.nvidia.com/NvBugs5/SWBug.aspx?bugid=4060142"
    },
    "0.9.10": {
      "license": "MIT OR Apache-2.0",
      "licensed_as": "Apache-2.0",
      "swipat_url": "https://nvbugswb.nvidia.com/NvBugs5/SWBug.aspx?bugid=4060142"
    }
  },
  "paste": {
    "1.0.15": {
      "license": "MIT OR Apache-2.0",
      "licensed_as": "Apache-2.0",
      "swipat_url": "https://nvbugswb.nvidia.com/NvBugs5/SWBug.aspx?bugid=4117962&cmtNo="
    }
  },
  "pathdiff": {
    "0.2.1": {
      "license": "MIT/Apache-2.0",
      "licensed_as": "Apache-2.0",
      "swipat_url": "https://nvbugswb.nvidia.com/NvBugs5/SWBug.aspx?bugid=4060142"
    }
  },
  "percent-encoding": {
    "2.3.1": {
      "license": "MIT OR Apache-2.0",
      "licensed_as": "Apache-2.0",
      "swipat_url": "https://nvbugswb.nvidia.com/NvBugs5/SWBug.aspx?bugid=4060142"
    }
  },
  "pest": {
    "2.7.11": {
      "license": "MIT OR Apache-2.0",
      "licensed_as": "Apache-2.0",
      "swipat_url": "https://nvbugswb.nvidia.com/NvBugs5/SWBug.aspx?bugid=4060142"
    }
  },
  "pest_derive": {
    "2.7.11": {
      "license": "MIT OR Apache-2.0",
      "licensed_as": "Apache-2.0",
      "swipat_url": "https://nvbugswb.nvidia.com/NvBugs5/SWBug.aspx?bugid=4060142"
    }
  },
  "pest_generator": {
    "2.7.11": {
      "license": "MIT OR Apache-2.0",
      "licensed_as": "Apache-2.0",
      "swipat_url": "https://nvbugswb.nvidia.com/NvBugs5/SWBug.aspx?bugid=4060142"
    }
  },
  "pest_meta": {
    "2.7.11": {
      "license": "MIT OR Apache-2.0",
      "licensed_as": "Apache-2.0",
      "swipat_url": "https://nvbugswb.nvidia.com/NvBugs5/SWBug.aspx?bugid=4060142"
    }
  },
  "pin-project": {
    "1.1.5": {
      "license": "Apache-2.0 OR MIT",
      "licensed_as": "Apache-2.0",
      "swipat_url": "https://nvbugswb.nvidia.com/NvBugs5/SWBug.aspx?bugid=4060142"
    }
  },
  "pin-project-internal": {
    "1.1.5": {
      "license": "Apache-2.0 OR MIT",
      "licensed_as": "Apache-2.0",
      "swipat_url": "https://nvbugswb.nvidia.com/NvBugs5/SWBug.aspx?bugid=4060142"
    }
  },
  "pin-project-lite": {
    "0.2.14": {
      "license": "Apache-2.0 OR MIT",
      "licensed_as": "Apache-2.0",
      "swipat_url": "https://nvbugswb.nvidia.com/NvBugs5/SWBug.aspx?bugid=4060142"
    }
  },
  "pin-utils": {
    "0.1.0": {
      "license": "MIT OR Apache-2.0",
      "licensed_as": "Apache-2.0",
      "swipat_url": "https://nvbugswb.nvidia.com/NvBugs5/SWBug.aspx?bugid=4060142"
    }
  },
  "pkg-config": {
    "0.3.30": {
      "license": "MIT OR Apache-2.0",
      "licensed_as": "Apache-2.0",
      "swipat_url": "https://nvbugswb.nvidia.com/NvBugs5/SWBug.aspx?bugid=4060142"
    }
  },
  "plotters": {
    "0.3.6": {
      "license": "MIT",
      "licensed_as": "MIT",
      "swipat_url": "https://nvbugswb.nvidia.com/NvBugs5/SWBug.aspx?bugid=4060142"
    }
  },
  "plotters-backend": {
    "0.3.6": {
      "license": "MIT",
      "licensed_as": "MIT",
      "swipat_url": "https://nvbugswb.nvidia.com/NvBugs5/SWBug.aspx?bugid=4060142"
    }
  },
  "plotters-svg": {
    "0.3.6": {
      "license": "MIT",
      "licensed_as": "MIT",
      "swipat_url": "https://nvbugswb.nvidia.com/NvBugs5/SWBug.aspx?bugid=4060142"
    }
  },
  "positioned-io": {
    "0.3.3": {
      "license": "MIT",
      "licensed_as": "MIT",
      "swipat_url": "https://nvbugswb.nvidia.com/NvBugs5/SWBug.aspx?bugid=4325328"
    }
  },
  "powerfmt": {
    "0.2.0": {
      "license": "MIT OR Apache-2.0",
      "licensed_as": "Apache-2.0",
      "swipat_url": "https://nvbugswb.nvidia.com/NvBugs5/swbug.aspx?bugid=4335290"
    }
  },
  "ppv-lite86": {
    "0.2.18": {
      "license": "MIT/Apache-2.0",
      "licensed_as": "Apache-2.0",
      "swipat_url": "https://nvbugswb.nvidia.com/NvBugs5/SWBug.aspx?bugid=4060142"
    }
  },
  "prctl": {
    "1.0.0": {
      "license": "MIT",
      "licensed_as": "MIT",
      "swipat_url": "https://nvbugswb.nvidia.com/NvBugs5/SWBug.aspx?bugid=4060142"
    }
  },
  "proc-macro-crate": {
    "3.1.0": {
      "license": "MIT OR Apache-2.0",
      "licensed_as": "Apache-2.0",
      "swipat_url": "https://nvbugspro.nvidia.com/bug/4780860"
    }
  },
  "proc-macro2": {
    "1.0.86": {
      "license": "MIT OR Apache-2.0",
      "licensed_as": "Apache-2.0",
      "swipat_url": "https://nvbugswb.nvidia.com/NvBugs5/SWBug.aspx?bugid=4060142"
    }
  },
  "process_path": {
    "0.1.4": {
      "license": "MIT/Apache-2.0",
      "licensed_as": "Apache-2.0",
      "swipat_url": "https://nvbugswb.nvidia.com/NvBugs5/SWBug.aspx?bugid=4170544"
    }
  },
  "quote": {
    "1.0.36": {
      "license": "MIT OR Apache-2.0",
      "licensed_as": "Apache-2.0",
      "swipat_url": "https://nvbugswb.nvidia.com/NvBugs5/SWBug.aspx?bugid=4060142"
    }
  },
  "rand": {
    "0.8.5": {
      "license": "MIT OR Apache-2.0",
      "licensed_as": "Apache-2.0",
      "swipat_url": "https://nvbugswb.nvidia.com/NvBugs5/SWBug.aspx?bugid=4060142"
    }
  },
  "rand_chacha": {
    "0.3.1": {
      "license": "MIT OR Apache-2.0",
      "licensed_as": "Apache-2.0",
      "swipat_url": "https://nvbugswb.nvidia.com/NvBugs5/SWBug.aspx?bugid=4060142"
    }
  },
  "rand_core": {
    "0.6.4": {
      "license": "MIT OR Apache-2.0",
      "licensed_as": "Apache-2.0",
      "swipat_url": "https://nvbugswb.nvidia.com/NvBugs5/SWBug.aspx?bugid=4060142"
    }
  },
  "rayon": {
    "1.10.0": {
      "license": "MIT OR Apache-2.0",
      "licensed_as": "Apache-2.0",
      "swipat_url": "https://nvbugswb.nvidia.com/NvBugs5/SWBug.aspx?bugid=4060142"
    }
  },
  "rayon-core": {
    "1.12.1": {
      "license": "MIT OR Apache-2.0",
      "licensed_as": "Apache-2.0",
      "swipat_url": "https://nvbugswb.nvidia.com/NvBugs5/SWBug.aspx?bugid=4060142"
    }
  },
  "redox_syscall": {
    "0.2.16": {
      "license": "MIT",
      "licensed_as": "MIT",
      "swipat_url": "https://nvbugswb.nvidia.com/NvBugs5/SWBug.aspx?bugid=4060142"
    },
    "0.4.1": {
      "license": "MIT",
      "licensed_as": "MIT",
      "swipat_url": "https://nvbugswb.nvidia.com/NvBugs5/SWBug.aspx?bugid=4060142"
    },
    "0.5.3": {
      "license": "MIT",
      "licensed_as": "MIT",
      "swipat_url": "https://nvbugswb.nvidia.com/NvBugs5/SWBug.aspx?bugid=4060142"
    }
  },
  "regex": {
    "1.10.5": {
      "license": "MIT OR Apache-2.0",
      "licensed_as": "Apache-2.0",
      "swipat_url": "https://nvbugswb.nvidia.com/NvBugs5/SWBug.aspx?bugid=4060142"
    }
  },
  "regex-automata": {
    "0.1.10": {
      "license": "Unlicense/MIT",
      "licensed_as": "MIT",
      "swipat_url": "https://nvbugswb.nvidia.com/NvBugs5/SWBug.aspx?bugid=4060142"
    },
    "0.4.7": {
      "license": "MIT OR Apache-2.0",
      "licensed_as": "Apache-2.0",
      "swipat_url": "https://nvbugswb.nvidia.com/NvBugs5/swbug.aspx?bugid=4229996"
    }
  },
  "regex-syntax": {
    "0.6.29": {
      "license": "MIT OR Apache-2.0",
      "licensed_as": "Apache-2.0",
      "swipat_url": "https://nvbugswb.nvidia.com/NvBugs5/SWBug.aspx?bugid=4060142"
    },
    "0.8.4": {
      "license": "MIT OR Apache-2.0",
      "licensed_as": "Apache-2.0",
      "swipat_url": "https://nvbugswb.nvidia.com/NvBugs5/SWBug.aspx?bugid=4060142"
    }
  },
  "relative-path": {
    "1.9.3": {
      "license": "MIT OR Apache-2.0",
      "licensed_as": "Apache-2.0",
      "swipat_url": "https://nvbugswb.nvidia.com/NvBugs5/swbug.aspx?bugid=4195752"
    }
  },
  "reqwest": {
    "0.12.5": {
      "license": "MIT OR Apache-2.0",
      "licensed_as": "Apache-2.0",
      "swipat_url": "https://nvbugswb.nvidia.com/NvBugs5/swbug.aspx?bugid=4186387"
    }
  },
  "rlimit": {
    "0.10.1": {
      "license": "MIT",
      "licensed_as": "MIT",
      "swipat_url": "https://nvbugswb.nvidia.com/NvBugs5/SWBug.aspx?bugid=4060142"
    }
  },
  "rmp": {
    "0.8.14": {
      "license": "MIT",
      "licensed_as": "MIT",
      "swipat_url": "https://nvbugswb.nvidia.com/NvBugs5/SWBug.aspx?bugid=4117962&cmtNo="
    }
  },
  "rmp-serde": {
    "1.3.0": {
      "license": "MIT",
      "licensed_as": "MIT",
      "swipat_url": "https://nvbugswb.nvidia.com/NvBugs5/SWBug.aspx?bugid=4117962&cmtNo="
    }
  },
  "ron": {
    "0.7.1": {
      "license": "MIT/Apache-2.0",
      "licensed_as": "Apache-2.0",
      "swipat_url": "https://nvbugswb.nvidia.com/NvBugs5/SWBug.aspx?bugid=4060142"
    }
  },
  "rstest": {
    "0.21.0": {
      "license": "MIT OR Apache-2.0",
      "licensed_as": "Apache-2.0",
      "swipat_url": "https://nvbugswb.nvidia.com/NvBugs5/SWBug.aspx?bugid=4060142"
    }
  },
  "rstest_macros": {
    "0.21.0": {
      "license": "MIT OR Apache-2.0",
      "licensed_as": "Apache-2.0",
      "swipat_url": "https://nvbugswb.nvidia.com/NvBugs5/SWBug.aspx?bugid=4060142"
    }
  },
  "rust-ini": {
    "0.18.0": {
      "license": "MIT",
      "licensed_as": "MIT",
      "swipat_url": "https://nvbugswb.nvidia.com/NvBugs5/SWBug.aspx?bugid=4060142"
    }
  },
  "rustc-demangle": {
    "0.1.24": {
      "license": "MIT/Apache-2.0",
      "licensed_as": "Apache-2.0",
      "swipat_url": "https://nvbugswb.nvidia.com/NvBugs5/SWBug.aspx?bugid=4060142"
    }
  },
  "rustc_version": {
    "0.4.0": {
      "license": "MIT/Apache-2.0",
      "licensed_as": "Apache-2.0",
      "swipat_url": "https://nvbugswb.nvidia.com/NvBugs5/SWBug.aspx?bugid=4060142"
    }
  },
  "rustix": {
    "0.38.34": {
      "license": "Apache-2.0 WITH LLVM-exception OR Apache-2.0 OR MIT",
      "licensed_as": "Apache-2.0",
      "swipat_url": "https://nvbugswb.nvidia.com/NvBugs5/SWBug.aspx?bugid=4060142"
    }
  },
  "rustversion": {
    "1.0.17": {
      "license": "MIT OR Apache-2.0",
      "licensed_as": "Apache-2.0",
      "swipat_url": "https://nvbugswb.nvidia.com/NvBugs5/SWBug.aspx?bugid=4060142"
    }
  },
  "ryu": {
    "1.0.18": {
      "license": "Apache-2.0 OR BSL-1.0",
      "licensed_as": "Apache-2.0",
      "swipat_url": "https://nvbugswb.nvidia.com/NvBugs5/SWBug.aspx?bugid=4060142"
    }
  },
  "same-file": {
    "1.0.6": {
      "license": "Unlicense/MIT",
      "licensed_as": "MIT",
      "swipat_url": "https://nvbugswb.nvidia.com/NvBugs5/SWBug.aspx?bugid=4060142"
    }
  },
  "schannel": {
    "0.1.23": {
      "license": "MIT",
      "licensed_as": "MIT",
      "swipat_url": "https://nvbugswb.nvidia.com/NvBugs5/SWBug.aspx?bugid=4060142"
    }
  },
  "scopeguard": {
    "1.2.0": {
      "license": "MIT OR Apache-2.0",
      "licensed_as": "Apache-2.0",
      "swipat_url": "https://nvbugswb.nvidia.com/NvBugs5/SWBug.aspx?bugid=4060142"
    }
  },
  "semver": {
    "1.0.23": {
      "license": "MIT OR Apache-2.0",
      "licensed_as": "Apache-2.0",
      "swipat_url": "https://nvbugswb.nvidia.com/NvBugs5/SWBug.aspx?bugid=4060142"
    }
  },
  "serde": {
    "1.0.204": {
      "license": "MIT OR Apache-2.0",
      "licensed_as": "Apache-2.0",
      "swipat_url": "https://nvbugswb.nvidia.com/NvBugs5/SWBug.aspx?bugid=4060142"
    }
  },
  "serde_bytes": {
    "0.11.15": {
      "license": "MIT OR Apache-2.0",
      "licensed_as": "Apache-2.0",
      "swipat_url": "https://nvbugswb.nvidia.com/NvBugs5/SWBug.aspx?bugid=4325328"
    }
  },
  "serde_derive": {
    "1.0.204": {
      "license": "MIT OR Apache-2.0",
      "licensed_as": "Apache-2.0",
      "swipat_url": "https://nvbugswb.nvidia.com/NvBugs5/SWBug.aspx?bugid=4060142"
    }
  },
  "serde_json": {
    "1.0.121": {
      "license": "MIT OR Apache-2.0",
      "licensed_as": "Apache-2.0",
      "swipat_url": "https://nvbugswb.nvidia.com/NvBugs5/SWBug.aspx?bugid=4060142"
    }
  },
  "serde_path_to_error": {
    "0.1.16": {
      "license": "MIT OR Apache-2.0",
      "licensed_as": "Apache-2.0",
      "swipat_url": "https://nvbugswb.nvidia.com/NvBugs5/SWBug.aspx?bugid=4060142"
    }
  },
  "serde_spanned": {
    "0.6.7": {
      "license": "MIT OR Apache-2.0",
      "licensed_as": "Apache-2.0",
      "swipat_url": "https://nvbugswb.nvidia.com/NvBugs5/SWBug.aspx?bugid=4060142"
    }
  },
  "serde_urlencoded": {
    "0.7.1": {
      "license": "MIT/Apache-2.0",
      "licensed_as": "Apache-2.0",
      "swipat_url": "https://nvbugswb.nvidia.com/NvBugs5/SWBug.aspx?bugid=4060142"
    }
  },
  "sha2": {
    "0.10.8": {
      "license": "MIT OR Apache-2.0",
      "licensed_as": "Apache-2.0",
      "swipat_url": "https://nvbugswb.nvidia.com/NvBugs5/SWBug.aspx?bugid=4060142"
    }
  },
  "sharded-slab": {
    "0.1.7": {
      "license": "MIT",
      "licensed_as": "MIT",
      "swipat_url": "https://nvbugswb.nvidia.com/NvBugs5/SWBug.aspx?bugid=4060142"
    }
  },
  "signal-hook-registry": {
    "1.4.2": {
      "license": "Apache-2.0/MIT",
      "licensed_as": "Apache-2.0",
      "swipat_url": "https://nvbugswb.nvidia.com/NvBugs5/SWBug.aspx?bugid=4060142"
    }
  },
  "slab": {
    "0.4.9": {
      "license": "MIT",
      "licensed_as": "MIT",
      "swipat_url": "https://nvbugswb.nvidia.com/NvBugs5/SWBug.aspx?bugid=4060142"
    }
  },
  "sled": {
    "0.34.7": {
      "license": "MIT/Apache-2.0",
      "licensed_as": "Apache-2.0",
      "swipat_url": "https://nvbugswb.nvidia.com/NvBugs5/SWBug.aspx?bugid=4060142"
    }
  },
  "smallvec": {
    "1.13.2": {
      "license": "MIT OR Apache-2.0",
      "licensed_as": "Apache-2.0",
      "swipat_url": "https://nvbugswb.nvidia.com/NvBugs5/SWBug.aspx?bugid=4060142"
    }
  },
  "socket2": {
    "0.5.7": {
      "license": "MIT OR Apache-2.0",
      "licensed_as": "Apache-2.0",
      "swipat_url": "https://nvbugswb.nvidia.com/NvBugs5/SWBug.aspx?bugid=4060142"
    }
  },
  "spin": {
    "0.9.8": {
      "license": "MIT",
      "licensed_as": "MIT",
      "swipat_url": "https://nvbugswb.nvidia.com/NvBugs5/SWBug.aspx?bugid=4060142"
    }
  },
  "stdext": {
    "0.3.3": {
      "license": "MIT",
      "licensed_as": "MIT",
      "swipat_url": "https://nvbugswb.nvidia.com/NvBugs5/SWBug.aspx?bugid=4325328"
    }
  },
  "strsim": {
    "0.10.0": {
      "license": "MIT",
      "licensed_as": "MIT",
      "swipat_url": "https://nvbugswb.nvidia.com/NvBugs5/SWBug.aspx?bugid=4060142"
    },
    "0.11.1": {
      "license": "MIT",
      "licensed_as": "MIT",
      "swipat_url": "https://nvbugswb.nvidia.com/NvBugs5/SWBug.aspx?bugid=4060142"
    }
  },
  "syn": {
    "1.0.109": {
      "license": "MIT OR Apache-2.0",
      "licensed_as": "Apache-2.0",
      "swipat_url": "https://nvbugswb.nvidia.com/NvBugs5/SWBug.aspx?bugid=4060142"
    },
    "2.0.72": {
      "license": "MIT OR Apache-2.0",
      "licensed_as": "Apache-2.0",
      "swipat_url": "https://nvbugswb.nvidia.com/NvBugs5/SWBug.aspx?bugid=4060142"
    }
  },
  "sync_wrapper": {
    "0.1.2": {
      "license": "Apache-2.0",
      "licensed_as": "Apache-2.0",
      "swipat_url": "https://nvbugswb.nvidia.com/NvBugs5/SWBug.aspx?bugid=4060142"
    },
    "1.0.1": {
      "license": "Apache-2.0",
      "licensed_as": "Apache-2.0",
      "swipat_url": "https://nvbugswb.nvidia.com/NvBugs5/SWBug.aspx?bugid=4060142"
    }
  },
  "temp-env": {
    "0.3.6": {
      "license": "MIT OR Apache-2.0",
      "licensed_as": "Apache-2.0",
      "swipat_url": "https://nvbugswb.nvidia.com/NvBugs5/SWBug.aspx?bugid=4170544"
    }
  },
  "tempfile": {
    "3.10.1": {
      "license": "MIT OR Apache-2.0",
      "licensed_as": "Apache-2.0",
      "swipat_url": "https://nvbugswb.nvidia.com/NvBugs5/SWBug.aspx?bugid=4060142"
    }
  },
  "termcolor": {
    "1.4.1": {
      "license": "Unlicense OR MIT",
      "licensed_as": "MIT",
      "swipat_url": "https://nvbugswb.nvidia.com/NvBugs5/SWBug.aspx?bugid=4060142"
    }
  },
  "test-log": {
    "0.2.16": {
      "license": "Apache-2.0 OR MIT",
      "licensed_as": "Apache-2.0",
      "swipat_url": "https://nvbugswb.nvidia.com/NvBugs5/SWBug.aspx?bugid=4325328"
    }
  },
  "test-log-macros": {
    "0.2.16": {
      "license": "Apache-2.0 OR MIT",
      "licensed_as": "Apache-2.0",
      "swipat_url": "https://nvbugspro.nvidia.com/bug/4409401"
    }
  },
  "textwrap": {
    "0.16.1": {
      "license": "MIT",
      "licensed_as": "MIT",
      "swipat_url": "https://nvbugswb.nvidia.com/NvBugs5/SWBug.aspx?bugid=4060142"
    }
  },
  "thiserror": {
    "1.0.63": {
      "license": "MIT OR Apache-2.0",
      "licensed_as": "Apache-2.0",
      "swipat_url": "https://nvbugswb.nvidia.com/NvBugs5/SWBug.aspx?bugid=4060142"
    }
  },
  "thiserror-impl": {
    "1.0.63": {
      "license": "MIT OR Apache-2.0",
      "licensed_as": "Apache-2.0",
      "swipat_url": "https://nvbugswb.nvidia.com/NvBugs5/SWBug.aspx?bugid=4060142"
    }
  },
  "thread_local": {
    "1.1.8": {
      "license": "MIT OR Apache-2.0",
      "licensed_as": "Apache-2.0",
      "swipat_url": "https://nvbugswb.nvidia.com/NvBugs5/SWBug.aspx?bugid=4060142"
    }
  },
  "time": {
    "0.3.36": {
      "license": "MIT OR Apache-2.0",
      "licensed_as": "Apache-2.0",
      "swipat_url": "https://nvbugswb.nvidia.com/NvBugs5/SWBug.aspx?bugid=4060142"
    }
  },
  "time-core": {
    "0.1.2": {
      "license": "MIT OR Apache-2.0",
      "licensed_as": "Apache-2.0",
      "swipat_url": "https://nvbugswb.nvidia.com/NvBugs5/SWBug.aspx?bugid=4060142"
    }
  },
  "time-macros": {
    "0.2.18": {
      "license": "MIT OR Apache-2.0",
      "licensed_as": "Apache-2.0",
      "swipat_url": "https://nvbugswb.nvidia.com/NvBugs5/SWBug.aspx?bugid=4060142"
    }
  },
  "tinytemplate": {
    "1.2.1": {
      "license": "Apache-2.0 OR MIT",
      "licensed_as": "Apache-2.0",
      "swipat_url": "https://nvbugswb.nvidia.com/NvBugs5/SWBug.aspx?bugid=4060142"
    }
  },
  "tinyvec": {
    "1.8.0": {
      "license": "Zlib OR Apache-2.0 OR MIT",
      "licensed_as": "Apache-2.0",
      "swipat_url": "https://nvbugswb.nvidia.com/NvBugs5/SWBug.aspx?bugid=4060142"
    }
  },
  "tinyvec_macros": {
    "0.1.1": {
      "license": "MIT OR Apache-2.0 OR Zlib",
      "licensed_as": "Apache-2.0",
      "swipat_url": "https://nvbugswb.nvidia.com/NvBugs5/SWBug.aspx?bugid=4118448"
    }
  },
  "tokio": {
    "1.39.2": {
      "license": "MIT",
      "licensed_as": "MIT",
      "swipat_url": "https://nvbugswb.nvidia.com/NvBugs5/SWBug.aspx?bugid=4060142"
    }
  },
  "tokio-macros": {
    "2.4.0": {
      "license": "MIT",
      "licensed_as": "MIT",
      "swipat_url": "https://nvbugswb.nvidia.com/NvBugs5/SWBug.aspx?bugid=4060142"
    }
  },
  "tokio-serde": {
    "0.9.0": {
      "license": "MIT OR Apache-2.0",
      "licensed_as": "Apache-2.0",
      "swipat_url": "https://nvbugswb.nvidia.com/NvBugs5/SWBug.aspx?bugid=4117962&cmtNo="
    }
  },
  "tokio-util": {
    "0.7.11": {
      "license": "MIT",
      "licensed_as": "MIT",
      "swipat_url": "https://nvbugswb.nvidia.com/NvBugs5/SWBug.aspx?bugid=4060142"
    }
  },
  "toml": {
    "0.5.11": {
      "license": "MIT/Apache-2.0",
      "licensed_as": "Apache-2.0",
      "swipat_url": "https://nvbugswb.nvidia.com/NvBugs5/SWBug.aspx?bugid=4060142"
    },
    "0.7.8": {
      "license": "MIT OR Apache-2.0",
      "licensed_as": "Apache-2.0",
      "swipat_url": "https://nvbugswb.nvidia.com/NvBugs5/SWBug.aspx?bugid=4060142"
    }
  },
  "toml_datetime": {
    "0.6.8": {
      "license": "MIT OR Apache-2.0",
      "licensed_as": "Apache-2.0",
      "swipat_url": "https://nvbugswb.nvidia.com/NvBugs5/SWBug.aspx?bugid=4060142"
    }
  },
  "toml_edit": {
    "0.19.15": {
      "license": "MIT OR Apache-2.0",
      "licensed_as": "Apache-2.0",
      "swipat_url": "https://nvbugswb.nvidia.com/NvBugs5/SWBug.aspx?bugid=4060142"
    },
    "0.21.1": {
      "license": "MIT OR Apache-2.0",
      "licensed_as": "Apache-2.0",
      "swipat_url": "https://nvbugswb.nvidia.com/NvBugs5/SWBug.aspx?bugid=4060142"
    }
  },
  "tower": {
    "0.4.13": {
      "license": "MIT",
      "licensed_as": "MIT",
      "swipat_url": "https://nvbugswb.nvidia.com/NvBugs5/SWBug.aspx?bugid=4060142"
    }
  },
  "tower-http": {
    "0.5.2": {
      "license": "MIT",
      "licensed_as": "MIT",
      "swipat_url": "https://nvbugswb.nvidia.com/NvBugs5/SWBug.aspx?bugid=4060142"
    }
  },
  "tower-layer": {
    "0.3.2": {
      "license": "MIT",
      "licensed_as": "MIT",
      "swipat_url": "https://nvbugswb.nvidia.com/NvBugs5/SWBug.aspx?bugid=4060142"
    }
  },
  "tower-service": {
    "0.3.2": {
      "license": "MIT",
      "licensed_as": "MIT",
      "swipat_url": "https://nvbugswb.nvidia.com/NvBugs5/SWBug.aspx?bugid=4060142"
    }
  },
  "tracing": {
    "0.1.40": {
      "license": "MIT",
      "licensed_as": "MIT",
      "swipat_url": "https://nvbugswb.nvidia.com/NvBugs5/SWBug.aspx?bugid=4060142"
    }
  },
  "tracing-appender": {
    "0.2.3": {
      "license": "MIT",
      "licensed_as": "MIT",
      "swipat_url": "https://nvbugswb.nvidia.com/NvBugs5/SWBug.aspx?bugid=4060142"
    }
  },
  "tracing-attributes": {
    "0.1.27": {
      "license": "MIT",
      "licensed_as": "MIT",
      "swipat_url": "https://nvbugswb.nvidia.com/NvBugs5/SWBug.aspx?bugid=4060142"
    }
  },
  "tracing-core": {
    "0.1.32": {
      "license": "MIT",
      "licensed_as": "MIT",
      "swipat_url": "https://nvbugswb.nvidia.com/NvBugs5/SWBug.aspx?bugid=4060142"
    }
  },
  "tracing-log": {
    "0.2.0": {
      "license": "MIT",
      "licensed_as": "MIT",
      "swipat_url": "https://nvbugspro.nvidia.com/bug/4780860"
    }
  },
  "tracing-serde": {
    "0.1.3": {
      "license": "MIT",
      "licensed_as": "MIT",
      "swipat_url": "https://nvbugswb.nvidia.com/NvBugs5/SWBug.aspx?bugid=4060142"
    }
  },
  "tracing-subscriber": {
    "0.3.18": {
      "license": "MIT",
      "licensed_as": "MIT",
      "swipat_url": "https://nvbugswb.nvidia.com/NvBugs5/SWBug.aspx?bugid=4060142"
    }
  },
  "try-lock": {
    "0.2.5": {
      "license": "MIT",
      "licensed_as": "MIT",
      "swipat_url": "https://nvbugswb.nvidia.com/NvBugs5/SWBug.aspx?bugid=4060142"
    }
  },
  "typenum": {
    "1.17.0": {
      "license": "MIT OR Apache-2.0",
      "licensed_as": "Apache-2.0",
      "swipat_url": "https://nvbugswb.nvidia.com/NvBugs5/SWBug.aspx?bugid=4060142"
    }
  },
  "ucd-trie": {
    "0.1.6": {
      "license": "MIT OR Apache-2.0",
      "licensed_as": "Apache-2.0",
      "swipat_url": "https://nvbugswb.nvidia.com/NvBugs5/SWBug.aspx?bugid=4060142"
    }
  },
  "unicase": {
    "2.7.0": {
      "license": "MIT/Apache-2.0",
      "licensed_as": "Apache-2.0",
      "swipat_url": "https://nvbugswb.nvidia.com/NvBugs5/SWBug.aspx?bugid=4060142"
    }
  },
  "unicode-bidi": {
    "0.3.15": {
      "license": "MIT OR Apache-2.0",
      "licensed_as": "Apache-2.0",
      "swipat_url": "https://nvbugswb.nvidia.com/NvBugs5/SWBug.aspx?bugid=4060142"
    }
  },
  "unicode-ident": {
    "1.0.12": {
      "license": "(MIT OR Apache-2.0) AND Unicode-DFS-2016",
      "licensed_as": null,
      "swipat_url": "https://nvbugswb.nvidia.com/NvBugs5/SWBug.aspx?bugid=4060142"
    }
  },
  "unicode-normalization": {
    "0.1.23": {
      "license": "MIT/Apache-2.0",
      "licensed_as": "Apache-2.0",
      "swipat_url": "https://nvbugswb.nvidia.com/NvBugs5/SWBug.aspx?bugid=4060142"
    }
  },
  "url": {
    "2.5.2": {
      "license": "MIT OR Apache-2.0",
      "licensed_as": "Apache-2.0",
      "swipat_url": "https://nvbugswb.nvidia.com/NvBugs5/SWBug.aspx?bugid=4060142"
    }
  },
  "utf8parse": {
    "0.2.2": {
      "license": "Apache-2.0 OR MIT",
      "licensed_as": "Apache-2.0",
      "swipat_url": "https://nvbugswb.nvidia.com/NvBugs5/SWBug.aspx?bugid=4060142"
    }
  },
  "uuid": {
    "1.10.0": {
      "license": "Apache-2.0 OR MIT",
      "licensed_as": "Apache-2.0",
      "swipat_url": "https://nvbugswb.nvidia.com/NvBugs5/SWBug.aspx?bugid=4060142"
    }
  },
  "valuable": {
    "0.1.0": {
      "license": "MIT",
      "licensed_as": "MIT",
      "swipat_url": "https://nvbugswb.nvidia.com/NvBugs5/SWBug.aspx?bugid=4060142"
    }
  },
  "valuable-serde": {
    "0.1.0": {
      "license": "MIT",
      "licensed_as": "MIT",
      "swipat_url": "https://nvbugswb.nvidia.com/NvBugs5/SWBug.aspx?bugid=4351124"
    }
  },
  "vcpkg": {
    "0.2.15": {
      "license": "MIT/Apache-2.0",
      "licensed_as": "Apache-2.0",
      "swipat_url": "https://nvbugswb.nvidia.com/NvBugs5/SWBug.aspx?bugid=4060142"
    }
  },
  "version_check": {
    "0.9.5": {
      "license": "MIT/Apache-2.0",
      "licensed_as": "Apache-2.0",
      "swipat_url": "https://nvbugswb.nvidia.com/NvBugs5/SWBug.aspx?bugid=4060142"
    }
  },
  "walkdir": {
    "2.5.0": {
      "license": "Unlicense/MIT",
      "licensed_as": "MIT",
      "swipat_url": "https://nvbugswb.nvidia.com/NvBugs5/SWBug.aspx?bugid=4060142"
    }
  },
  "want": {
    "0.3.1": {
      "license": "MIT",
      "licensed_as": "MIT",
      "swipat_url": "https://nvbugswb.nvidia.com/NvBugs5/SWBug.aspx?bugid=4060142"
    }
  },
  "wasi": {
    "0.11.0+wasi-snapshot-preview1": {
      "license": "Apache-2.0 WITH LLVM-exception OR Apache-2.0 OR MIT",
      "licensed_as": "Apache-2.0",
      "swipat_url": "https://nvbugswb.nvidia.com/NvBugs5/SWBug.aspx?bugid=4060142"
    }
  },
  "wasite": {
    "0.1.0": {
      "license": "Apache-2.0 OR BSL-1.0 OR MIT",
      "licensed_as": "Apache-2.0",
      "swipat_url": "https://nvbugspro.nvidia.com/bug/4609305"
    }
  },
  "wasm-bindgen": {
    "0.2.92": {
      "license": "MIT OR Apache-2.0",
      "licensed_as": "Apache-2.0",
      "swipat_url": "https://nvbugswb.nvidia.com/NvBugs5/SWBug.aspx?bugid=4060142"
    }
  },
  "wasm-bindgen-backend": {
    "0.2.92": {
      "license": "MIT OR Apache-2.0",
      "licensed_as": "Apache-2.0",
      "swipat_url": "https://nvbugswb.nvidia.com/NvBugs5/SWBug.aspx?bugid=4060142"
    }
  },
  "wasm-bindgen-futures": {
    "0.4.42": {
      "license": "MIT OR Apache-2.0",
      "licensed_as": "Apache-2.0",
      "swipat_url": "https://nvbugswb.nvidia.com/NvBugs5/swbug.aspx?bugid=4186387"
    }
  },
  "wasm-bindgen-macro": {
    "0.2.92": {
      "license": "MIT OR Apache-2.0",
      "licensed_as": "Apache-2.0",
      "swipat_url": "https://nvbugswb.nvidia.com/NvBugs5/SWBug.aspx?bugid=4060142"
    }
  },
  "wasm-bindgen-macro-support": {
    "0.2.92": {
      "license": "MIT OR Apache-2.0",
      "licensed_as": "Apache-2.0",
      "swipat_url": "https://nvbugswb.nvidia.com/NvBugs5/SWBug.aspx?bugid=4060142"
    }
  },
  "wasm-bindgen-shared": {
    "0.2.92": {
      "license": "MIT OR Apache-2.0",
      "licensed_as": "Apache-2.0",
      "swipat_url": "https://nvbugswb.nvidia.com/NvBugs5/SWBug.aspx?bugid=4060142"
    }
  },
  "web-sys": {
    "0.3.69": {
      "license": "MIT OR Apache-2.0",
      "licensed_as": "Apache-2.0",
      "swipat_url": "https://nvbugswb.nvidia.com/NvBugs5/SWBug.aspx?bugid=4060142"
    }
  },
  "whoami": {
    "1.5.1": {
      "license": "Apache-2.0 OR BSL-1.0 OR MIT",
      "licensed_as": "Apache-2.0",
      "swipat_url": "https://nvbugswb.nvidia.com/NvBugs5/SWBug.aspx?bugid=4170544"
    }
  },
  "winapi": {
    "0.3.9": {
      "license": "MIT/Apache-2.0",
      "licensed_as": "Apache-2.0",
      "swipat_url": "https://nvbugswb.nvidia.com/NvBugs5/SWBug.aspx?bugid=4060142"
    }
  },
  "winapi-i686-pc-windows-gnu": {
    "0.4.0": {
      "license": "MIT/Apache-2.0",
      "licensed_as": "Apache-2.0",
      "swipat_url": "https://nvbugswb.nvidia.com/NvBugs5/SWBug.aspx?bugid=4060142"
    }
  },
  "winapi-util": {
    "0.1.8": {
      "license": "Unlicense OR MIT",
      "licensed_as": "MIT",
      "swipat_url": "https://nvbugswb.nvidia.com/NvBugs5/SWBug.aspx?bugid=4060142"
    }
  },
  "winapi-x86_64-pc-windows-gnu": {
    "0.4.0": {
      "license": "MIT/Apache-2.0",
      "licensed_as": "Apache-2.0",
      "swipat_url": "https://nvbugswb.nvidia.com/NvBugs5/SWBug.aspx?bugid=4060142"
    }
  },
  "windows": {
    "0.52.0": {
      "license": "MIT OR Apache-2.0",
      "licensed_as": "Apache-2.0",
      "swipat_url": "https://nvbugswb.nvidia.com/NvBugs5/SWBug.aspx?bugid=4060142"
    }
  },
  "windows-core": {
    "0.52.0": {
      "license": "MIT OR Apache-2.0",
      "licensed_as": "Apache-2.0",
      "swipat_url": "https://nvbugswb.nvidia.com/NvBugs5/SWBug.aspx?bugid=4325328"
    }
  },
  "windows-sys": {
    "0.48.0": {
      "license": "MIT OR Apache-2.0",
      "licensed_as": "Apache-2.0",
      "swipat_url": "https://nvbugswb.nvidia.com/NvBugs5/SWBug.aspx?bugid=4060142"
    },
    "0.52.0": {
      "license": "MIT OR Apache-2.0",
      "licensed_as": "Apache-2.0",
      "swipat_url": "https://nvbugswb.nvidia.com/NvBugs5/SWBug.aspx?bugid=4060142"
    }
  },
  "windows-targets": {
    "0.48.5": {
      "license": "MIT OR Apache-2.0",
      "licensed_as": "Apache-2.0",
      "swipat_url": "https://nvbugswb.nvidia.com/NvBugs5/SWBug.aspx?bugid=4060142"
    },
    "0.52.6": {
      "license": "MIT OR Apache-2.0",
      "licensed_as": "Apache-2.0",
      "swipat_url": "https://nvbugswb.nvidia.com/NvBugs5/SWBug.aspx?bugid=4060142"
    }
  },
  "windows_aarch64_gnullvm": {
    "0.48.5": {
      "license": "MIT OR Apache-2.0",
      "licensed_as": "Apache-2.0",
      "swipat_url": "https://nvbugswb.nvidia.com/NvBugs5/SWBug.aspx?bugid=4060142"
    },
    "0.52.6": {
      "license": "MIT OR Apache-2.0",
      "licensed_as": "Apache-2.0",
      "swipat_url": "https://nvbugswb.nvidia.com/NvBugs5/SWBug.aspx?bugid=4060142"
    }
  },
  "windows_aarch64_msvc": {
    "0.48.5": {
      "license": "MIT OR Apache-2.0",
      "licensed_as": "Apache-2.0",
      "swipat_url": "https://nvbugswb.nvidia.com/NvBugs5/SWBug.aspx?bugid=4060142"
    },
    "0.52.6": {
      "license": "MIT OR Apache-2.0",
      "licensed_as": "Apache-2.0",
      "swipat_url": "https://nvbugswb.nvidia.com/NvBugs5/SWBug.aspx?bugid=4060142"
    }
  },
  "windows_i686_gnu": {
    "0.48.5": {
      "license": "MIT OR Apache-2.0",
      "licensed_as": "Apache-2.0",
      "swipat_url": "https://nvbugswb.nvidia.com/NvBugs5/SWBug.aspx?bugid=4060142"
    },
    "0.52.6": {
      "license": "MIT OR Apache-2.0",
      "licensed_as": "Apache-2.0",
      "swipat_url": "https://nvbugswb.nvidia.com/NvBugs5/SWBug.aspx?bugid=4060142"
    }
  },
  "windows_i686_gnullvm": {
    "0.52.6": {
      "license": "MIT OR Apache-2.0",
      "licensed_as": "Apache-2.0",
      "swipat_url": "https://nvbugspro.nvidia.com/bug/4609305"
    }
  },
  "windows_i686_msvc": {
    "0.48.5": {
      "license": "MIT OR Apache-2.0",
      "licensed_as": "Apache-2.0",
      "swipat_url": "https://nvbugswb.nvidia.com/NvBugs5/SWBug.aspx?bugid=4060142"
    },
    "0.52.6": {
      "license": "MIT OR Apache-2.0",
      "licensed_as": "Apache-2.0",
      "swipat_url": "https://nvbugswb.nvidia.com/NvBugs5/SWBug.aspx?bugid=4060142"
    }
  },
  "windows_x86_64_gnu": {
    "0.48.5": {
      "license": "MIT OR Apache-2.0",
      "licensed_as": "Apache-2.0",
      "swipat_url": "https://nvbugswb.nvidia.com/NvBugs5/SWBug.aspx?bugid=4170544"
    },
    "0.52.6": {
      "license": "MIT OR Apache-2.0",
      "licensed_as": "Apache-2.0",
      "swipat_url": "https://nvbugswb.nvidia.com/NvBugs5/SWBug.aspx?bugid=4170544"
    }
  },
  "windows_x86_64_gnullvm": {
    "0.48.5": {
      "license": "MIT OR Apache-2.0",
      "licensed_as": "Apache-2.0",
      "swipat_url": "https://nvbugswb.nvidia.com/NvBugs5/SWBug.aspx?bugid=4060142"
    },
    "0.52.6": {
      "license": "MIT OR Apache-2.0",
      "licensed_as": "Apache-2.0",
      "swipat_url": "https://nvbugswb.nvidia.com/NvBugs5/SWBug.aspx?bugid=4060142"
    }
  },
  "windows_x86_64_msvc": {
    "0.48.5": {
      "license": "MIT OR Apache-2.0",
      "licensed_as": "Apache-2.0",
      "swipat_url": "https://nvbugswb.nvidia.com/NvBugs5/SWBug.aspx?bugid=4170544"
    },
    "0.52.6": {
      "license": "MIT OR Apache-2.0",
      "licensed_as": "Apache-2.0",
      "swipat_url": "https://nvbugswb.nvidia.com/NvBugs5/SWBug.aspx?bugid=4170544"
    }
  },
  "winnow": {
    "0.5.40": {
      "license": "MIT",
      "licensed_as": "MIT",
      "swipat_url": "https://nvbugswb.nvidia.com/NvBugs5/SWBug.aspx?bugid=4060142"
    }
  },
  "winreg": {
    "0.52.0": {
      "license": "MIT",
      "licensed_as": "MIT",
      "swipat_url": "https://nvbugswb.nvidia.com/NvBugs5/swbug.aspx?bugid=4186387"
    }
  },
  "winresource": {
    "0.1.17": {
      "license": "MIT",
      "licensed_as": "MIT",
      "swipat_url": "https://nvbugswb.nvidia.com/NvBugs5/SWBug.aspx?bugid=4060142"
    }
  },
  "yaml-rust": {
    "0.4.5": {
      "license": "MIT/Apache-2.0",
      "licensed_as": "Apache-2.0",
      "swipat_url": "https://nvbugswb.nvidia.com/NvBugs5/SWBug.aspx?bugid=4060142"
    }
  },
  "zerocopy": {
    "0.6.6": {
      "license": "BSD-2-Clause",
      "licensed_as": null,
      "swipat_url": "https://nvbugspro.nvidia.com/bug/4780860"
    }
  },
  "zerocopy-derive": {
    "0.6.6": {
      "license": "BSD-2-Clause",
      "licensed_as": null,
      "swipat_url": "https://nvbugspro.nvidia.com/bug/4780860"
    }
  },
  "zstd": {
    "0.9.2+zstd.1.5.1": {
      "license": "MIT",
      "licensed_as": "MIT",
      "swipat_url": "https://nvbugswb.nvidia.com/NvBugs5/SWBug.aspx?bugid=5024807"
    }
  },
  "zstd-safe": {
    "4.1.3+zstd.1.5.1": {
      "license": "MIT/Apache-2.0",
      "licensed_as": "MIT",
      "swipat_url": "https://nvbugswb.nvidia.com/NvBugs5/SWBug.aspx?bugid=5024807"
    }
  },
  "zstd-sys": {
    "1.6.2+zstd.1.5.1": {
      "license": "MIT/Apache-2.0",
      "licensed_as": "MIT",
      "swipat_url": "https://nvbugswb.nvidia.com/NvBugs5/SWBug.aspx?bugid=5024807"
    }
  }
}